O73683.pdb	O73683.pdb	5309	1.00	0.000E+00	0	779	780	0	779	780	780M
O73683.pdb	O93279.pdb	2226	0.697	2.517E-92	0	779	780	0	736	737	221M3I4M6I7M24I24M3I14M1I42M1I235M9I8M10D17M5I14M1I141M
O73683.pdb	P79307.pdb	2178	0.675	1.071E-90	12	779	780	11	769	770	177M1D44M3I8M30I32M3I42M1I28M19D200M1D45M2D19M2D23M3D113M
O73683.pdb	Q5IS80.pdb	2050	0.671	8.155E-92	7	779	780	6	769	770	182M1D35M14I3M6I2M5I6M8I38M3I42M1I28M19D200M1D51M4D36M3D113M
O73683.pdb	Q60495.pdb	2007	0.673	5.211E-92	14	779	780	13	769	770	181M1D38M3I8M30I32M3I42M1I28M19D200M1D45M2D19M2D23M3D113M
O73683.pdb	P53601.pdb	1902	0.672	4.890E-91	7	779	780	6	769	770	182M1D44M3I8M30I32M3I42M1I30M15D5M4D193M1D45M2D19M2D23M3D113M
O73683.pdb	Q95241.pdb	1875	0.685	3.613E-88	14	779	780	13	750	751	175M1D44M3I8M30I32M3I42M1I228M1D51M4D36M3D113M
O73683.pdb	P12023.pdb	1855	0.666	5.266E-86	14	779	780	13	769	770	175M1D44M3I8M30I30M3I44M1I28M19D200M1D51M4D36M3D113M
O73683.pdb	P08592.pdb	1850	0.665	2.731E-88	14	779	780	13	769	770	175M1D44M3I8M30I32M3I42M1I28M19D200M1D45M10D11M6I25M3D113M
O73683.pdb	P05067.pdb	1813	0.671	7.127E-89	14	779	780	13	769	770	175M1D44M3I8M30I32M3I42M1I28M19D200M1D45M2D19M2D23M3D113M
O73683.pdb	Q06481.pdb	1496	0.468	1.439E-70	13	779	780	22	762	763	17M8D77M2I81M2I39M26I46M4I44M1I31M1I196M1D18M3D95M2I85M
O73683.pdb	P15943.pdb	1486	0.477	5.878E-71	0	779	780	26	764	765	18M9I80M2I114M2I22M3I10M3I22M22I44M1I28M1D8M2I190M1D19M3D94M2I85M
O73683.pdb	Q06335.pdb	1265	0.434	3.864E-60	5	779	780	32	706	707	12M10I80M2I135M31I17M3D5M4I18M9I2M47I11M2I190M1D19M3D94M2I85M
O73683.pdb	Q03157.pdb	1000	0.324	8.106E-47	12	775	780	34	649	653	16M2I73M1D106M1D14M34I27M13I4M6I10M63I8M2I197M14I6M1D11M1I36M8D22M25I35M1D39M
O73683.pdb	P51693.pdb	974	0.306	1.761E-45	0	775	780	19	646	650	31M2D72M1D86M7D19M2I12M7D17M68I8M18I2M45I8M2I197M14I53M8D23M25I35M1D39M
O73683.pdb	Q06BR2.pdb	738	0.234	1.315E-36	7	779	780	9	611	612	21M3I16M2I60M1D67M1D15M2D12M22I4M84I15M42I6M11I5M13I27M3D13M4D156M6I27M11I20M11D2M1D16M2D25M2I23M1D47M
O73683.pdb	Q10651.pdb	608	0.235	1.078E-32	13	776	780	16	683	686	36M1I57M1I51M6D48M75I20M81I8M3I39M5D12M2D55M2D76M8I28M3D7M19D18M7D21M1D34M29D8M6D36M6I7M1I27M
O73683.pdb	P14599.pdb	607	0.226	2.284E-35	5	775	780	13	883	887	7M7I20M2D2M2D8M1I6M3D49M3D14M1I75M38D16M2I11M6D39M4I52M9I11M14I9M17I10M4I52M7D92M4D39M46D13M24D16M5I64M20D8M1D10M1D50M1D11M6D23M
O73683.pdb	Q28280.pdb	102	0.807	1.145E-03	675	731	780	0	56	58	57M
O73683.pdb	Q28748.pdb	96	0.824	2.506E-03	676	732	780	0	56	58	57M
O73683.pdb	Q28757.pdb	96	0.824	2.650E-03	676	732	780	0	56	58	57M
O73683.pdb	Q28053.pdb	93	0.810	2.964E-03	675	732	780	0	57	59	58M
Q28053.pdb	Q28053.pdb	303	1.00	9.818E-10	0	58	59	0	58	59	59M
Q28053.pdb	Q28748.pdb	246	1.00	1.389E-08	1	58	59	0	57	58	58M
Q28053.pdb	Q28757.pdb	244	1.00	1.755E-08	1	58	59	0	57	58	58M
Q28053.pdb	Q28280.pdb	189	1.00	5.650E-08	0	56	59	0	56	58	57M
Q28053.pdb	P53601.pdb	125	1.00	8.644E-07	0	58	59	665	723	770	59M
Q28053.pdb	Q95241.pdb	119	1.00	1.181E-06	0	58	59	646	704	751	59M
Q28053.pdb	P05067.pdb	118	1.00	1.276E-06	0	58	59	665	723	770	59M
Q28053.pdb	P08592.pdb	104	0.949	3.800E-06	0	58	59	665	723	770	59M
Q28053.pdb	O73683.pdb	100	0.810	1.806E-05	0	57	59	675	732	780	58M
Q28053.pdb	Q06335.pdb	34	0.413	1.207E-01	0	57	59	604	659	707	9M2I47M
Q28053.pdb	Q06BR2.pdb	16	0.239	1.250E+00	0	58	59	499	564	612	16M12D15M5I23M
Q28053.pdb	Q10651.pdb	7	0.142	5.483E+00	0	53	59	582	642	686	7M9D7M2I38M
Q28280.pdb	Q28280.pdb	303	1.00	7.840E-10	0	57	58	0	57	58	58M
Q28280.pdb	Q28748.pdb	198	1.00	4.004E-08	1	56	58	0	55	58	56M
Q28280.pdb	Q28757.pdb	191	1.00	5.933E-08	1	56	58	0	55	58	56M
Q28280.pdb	Q28053.pdb	188	1.00	6.418E-08	0	56	58	0	56	59	57M
Q28280.pdb	P79307.pdb	128	1.00	5.368E-07	0	56	58	665	721	770	57M
Q28280.pdb	P53601.pdb	127	1.00	4.240E-07	0	56	58	665	721	770	57M
Q28280.pdb	P05067.pdb	122	1.00	4.240E-07	0	56	58	665	721	770	57M
Q28280.pdb	Q95241.pdb	111	1.00	2.393E-06	0	56	58	646	702	751	57M
Q28280.pdb	P12023.pdb	100	0.947	5.684E-06	0	56	58	665	721	770	57M
Q28280.pdb	P08592.pdb	97	0.947	9.113E-06	0	56	58	665	721	770	57M
Q28280.pdb	P15943.pdb	34	0.368	1.059E-01	0	56	58	660	716	765	57M
Q28280.pdb	Q06481.pdb	30	0.368	1.837E-01	0	56	58	658	714	763	57M
Q28280.pdb	Q06BR2.pdb	20	0.231	6.997E-01	0	56	58	499	562	612	16M12D8M5I28M
Q28280.pdb	P51693.pdb	9	0.207	4.267E+00	4	56	58	552	601	650	11M1I9M2I30M
Q28280.pdb	Q03157.pdb	9	0.207	4.267E+00	4	56	58	555	604	653	11M1I9M2I30M
Q28280.pdb	Q10651.pdb	2	0.218	9.263E+00	0	31	58	494	525	686	32M
Q28748.pdb	Q28748.pdb	294	1.00	1.416E-09	0	57	58	0	57	58	58M
Q28748.pdb	Q28757.pdb	262	1.00	7.452E-09	0	57	58	0	57	58	58M
Q28748.pdb	Q28053.pdb	252	1.00	7.452E-09	0	57	58	1	58	59	58M
Q28748.pdb	Q28280.pdb	201	1.00	2.255E-08	0	55	58	1	56	58	56M
Q28748.pdb	Q60495.pdb	128	1.00	4.204E-07	0	57	58	666	723	770	58M
Q28748.pdb	Q95241.pdb	120	1.00	9.270E-07	0	57	58	647	704	751	58M
Q28748.pdb	P12023.pdb	110	0.948	2.044E-06	0	57	58	666	723	770	58M
Q28748.pdb	O93279.pdb	106	0.789	1.164E-05	0	56	58	633	689	737	57M
Q28748.pdb	P08592.pdb	106	0.948	2.591E-06	0	57	58	666	723	770	58M
Q28748.pdb	Q06335.pdb	37	0.378	6.444E-02	0	56	58	588	659	707	17M2I12M17D26M
Q28748.pdb	Q06BR2.pdb	20	0.242	5.898E-01	0	57	58	500	564	612	15M12D6M1I12M4I20M
Q28748.pdb	Q10651.pdb	5	0.125	7.362E+00	0	52	58	571	642	686	17M13D7M6D29M
Q28757.pdb	Q28757.pdb	296	1.00	1.177E-09	0	57	58	0	57	58	58M
Q28757.pdb	Q28748.pdb	261	1.00	8.518E-09	0	57	58	0	57	58	58M
Q28757.pdb	Q28053.pdb	248	1.00	9.979E-09	0	57	58	1	58	59	58M
Q28757.pdb	Q28280.pdb	195	1.00	3.541E-08	0	55	58	1	56	58	56M
Q28757.pdb	P53601.pdb	134	1.00	3.517E-07	0	57	58	666	723	770	58M
Q28757.pdb	Q60495.pdb	127	1.00	5.654E-07	0	57	58	666	723	770	58M
Q28757.pdb	Q95241.pdb	126	1.00	5.224E-07	0	57	58	647	704	751	58M
Q28757.pdb	P08592.pdb	111	0.948	1.713E-06	0	57	58	666	723	770	58M
Q28757.pdb	O73683.pdb	106	0.824	9.773E-06	0	56	58	676	732	780	57M
Q28757.pdb	O93279.pdb	100	0.789	2.960E-05	0	56	58	633	689	737	57M
Q28757.pdb	Q06335.pdb	37	0.378	6.925E-02	0	56	58	588	659	707	17M2I12M17D26M
Q28757.pdb	P51693.pdb	25	0.188	5.011E-01	4	56	58	550	602	650	53M
Q28757.pdb	Q06BR2.pdb	19	0.257	8.721E-01	0	57	58	500	564	612	15M12D7M2I8M3I23M
Q28757.pdb	Q03157.pdb	18	0.207	1.402E+00	4	56	58	553	605	653	53M
Q29149.pdb	Q29149.pdb	282	1.00	1.097E-09	0	56	57	0	56	57	57M
Q29149.pdb	P53601.pdb	72	1.00	1.638E-04	0	55	57	666	721	770	56M
Q29149.pdb	Q95241.pdb	58	1.00	1.024E-03	0	55	57	647	702	751	56M
Q29149.pdb	O73683.pdb	58	0.821	1.553E-03	0	55	57	676	731	780	56M
Q5IS80.pdb	Q5IS80.pdb	5265	1.00	0.000E+00	0	769	770	0	769	770	770M
Q5IS80.pdb	P53601.pdb	3529	0.996	0.000E+00	0	769	770	0	769	770	770M
Q5IS80.pdb	Q60495.pdb	3170	0.970	0.000E+00	0	769	770	0	769	770	770M
Q5IS80.pdb	P79307.pdb	2782	0.979	0.000E+00	0	769	770	0	769	770	770M
Q5IS80.pdb	P12023.pdb	2777	0.967	0.000E+00	0	769	770	0	769	770	770M
Q5IS80.pdb	P05067.pdb	2712	0.998	0.000E+00	0	769	770	0	769	770	770M
Q5IS80.pdb	Q95241.pdb	2687	0.970	0.000E+00	0	769	770	0	750	751	345M19I406M
Q5IS80.pdb	P08592.pdb	2531	0.970	0.000E+00	0	769	770	0	769	770	770M
Q5IS80.pdb	O73683.pdb	2041	0.666	5.945E-89	10	769	770	11	779	780	178M1I33M14D13M19D38M3D42M1D28M19I200M1I51M8I6M4D26M3I113M
Q5IS80.pdb	O93279.pdb	1886	0.657	3.611E-89	0	769	770	0	736	737	9M1D179M1I80M1I75M19I200M11I9M11D21M1I10M5I4M4I25M3I113M
Q5IS80.pdb	P15943.pdb	1551	0.479	3.398E-73	0	769	770	10	764	765	22M8D84M2I99M2I9M1D3M5I29M11D89M14I8M6I212M3D15M6I44M1I24M2I94M
Q5IS80.pdb	Q06481.pdb	1548	0.486	1.480E-73	0	769	770	10	762	763	29M8D77M2I109M9I16M6D20M6D82M14I8M6I212M3D15M6I44M1I24M2I94M
Q5IS80.pdb	Q06335.pdb	1428	0.443	4.899E-60	21	769	770	39	706	707	85M2I110M7I14M1D36M13I12M52I18M2I212M3D15M6I44M1I24M2I94M
Q5IS80.pdb	Q03157.pdb	1023	0.321	1.074E-47	0	765	770	21	649	653	102M1D86M5D52M12I9M30I3M58I7M1D7M6I197M15I6M1D6M32I15M2I25M9D57M1D39M
Q5IS80.pdb	P51693.pdb	957	0.321	4.394E-46	0	765	770	15	646	650	9M7D93M1D97M1I13M3I19M2D7M49I11M51I17M2I197M17I7M11I8M18I13M2I25M9D56M1D40M
Q5IS80.pdb	Q06BR2.pdb	796	0.236	7.417E-38	0	769	770	4	611	612	5M1I21M3I16M2I60M1D67M1D13M3D16M88I9M9I4M23I10M36I33M4D11M3D172M22I31M1I2M7D21M5D22M2I26M1D44M
Q5IS80.pdb	Q10651.pdb	697	0.248	1.059E-36	0	766	770	5	683	686	12M1I35M1I57M1I55M6D26M1I18M35I12M37I8M53I9M16I40M4D12M3D51M2D79M3I14M6I13M11D40M14D28M9D21M18D5M6D38M6I8M1I25M
Q5IS80.pdb	P14599.pdb	591	0.236	7.304E-34	19	765	770	21	883	887	19M2D2M2D8M1I11M3D44M3D14M1I70M8D5M7D8M5D17M8D16M23D44M12I9M8D10M4I13M26I8M3I8M3I55M7D89M4D37M40D6M25D25M7I36M2D32M19D70M1D11M6D23M
Q5IS80.pdb	Q28748.pdb	124	1.00	2.152E-04	666	722	770	0	56	58	57M
Q5IS80.pdb	Q28757.pdb	123	1.00	2.541E-04	666	722	770	0	56	58	57M
Q5IS80.pdb	Q28280.pdb	119	1.00	2.274E-04	665	721	770	0	56	58	57M
Q5IS80.pdb	Q28053.pdb	116	1.00	3.744E-04	665	722	770	0	57	59	58M
Q5IS80.pdb	Q29149.pdb	63	1.00	2.977E-02	666	721	770	0	55	57	56M
Q06BR2.pdb	Q06BR2.pdb	4371	1.00	1.178E-103	0	611	612	0	611	612	612M
Q06BR2.pdb	Q60495.pdb	822	0.245	4.965E-38	0	611	612	0	769	770	46M2D60M1I67M1I17M24D5M42D13M19D6M9D4M23D10M36D33M4I11M3I153M12D24M10D26M11I19M3I26M5D24M1I44M
Q06BR2.pdb	P79307.pdb	798	0.240	2.180E-38	0	611	612	0	769	770	46M2D60M1I67M1I13M8D9M21D18M39D9M49D6M23D4M13D29M4I11M3I153M12D18M1D6M9D26M11I47M2D25M1I44M
Q06BR2.pdb	Q06481.pdb	791	0.245	3.997E-37	0	611	612	5	762	763	29M13D17M2D57M3I68M1I18M20D16M43D6M6D8M44D7M21D3M2D30M4I9M3I155M8D52M3I53M2D25M1I44M
Q06BR2.pdb	P15943.pdb	790	0.240	3.582E-37	0	611	612	18	764	765	46M2D57M3I68M1I18M18D22M53D8M44D6M23D34M4I9M3I155M8D52M3I53M2D25M1I44M
Q06BR2.pdb	P53601.pdb	789	0.238	4.952E-39	4	611	612	0	769	770	17M1D9M3D16M2D60M1I67M1I16M10D6M56D26M51D7M36D33M4I11M3I154M17D18M5D31M11I46M2D26M1I44M
Q06BR2.pdb	Q5IS80.pdb	784	0.243	1.128E-38	4	611	612	0	769	770	5M1D21M3D16M2D60M1I67M1I13M35D7M3D20M29D6M8D3M42D6M36D33M4I11M3I153M12D19M10D31M11I46M2D26M1I44M
Q06BR2.pdb	Q06335.pdb	782	0.249	7.311E-37	20	611	612	38	706	707	26M2D57M3I68M1I15M25D13M42D11M18D13M5I31M4I10M3I198M16I34M1D13M22D30M1I40M
Q06BR2.pdb	Q10651.pdb	779	0.276	8.181E-36	0	608	612	1	683	686	28M3D18M1D57M2I54M3D2M3D13M1I13M4D23M15D7M11I4M3D102M2D98M7D14M4D27M4D9M1D7M13D6M2D9M5D27M23D38M4I7M1I27M
Q06BR2.pdb	O93279.pdb	774	0.257	8.115E-39	0	611	612	0	736	737	6M1I23M2D16M2D60M1I67M1I13M1D11M16D11M11D3M37D8M65D12M2D30M4I11M3I139M2I15M14D47M11I2M1I16M2I25M2D23M1I47M
Q06BR2.pdb	Q95241.pdb	770	0.257	5.541E-38	0	611	612	0	750	751	11M5I14M5D16M2D57M1I70M1I15M69D20M16D4M54D7M2D4M7I31M4I11M3I153M12D19M10D31M1D2M3I39M7I32M1I44M
Q06BR2.pdb	P08592.pdb	761	0.237	1.334E-37	0	611	612	0	769	770	7M1I20M1D18M2D60M1I67M1I19M10D3M56D26M55D7M32D31M3I14M4I152M12D18M10D32M11I9M2D63M1I44M
Q06BR2.pdb	P05067.pdb	755	0.244	1.131E-37	0	611	612	0	769	770	11M5I12M5D18M2D57M1I70M1I15M69D34M48D6M36D33M3I12M4I153M17D18M5D31M11I19M3I18M5D32M1I44M
Q06BR2.pdb	P51693.pdb	748	0.242	4.725E-36	0	607	612	8	646	650	9M13D20M1D17M2D128M1I13M24D8M17D18M13D12M5I32M4I11M3I138M3I22M3I45M5I7M18I20M3D66M
Q06BR2.pdb	Q03157.pdb	739	0.238	1.416E-35	0	607	612	10	649	653	13M1D16M10D17M2D128M1I16M47D18M11D12M2D3M7I32M4I11M3I138M3I56M8I18M18I21M3D65M
Q06BR2.pdb	P12023.pdb	736	0.237	3.038E-37	0	611	612	0	769	770	11M5I14M5D16M2D60M1I67M1I13M11D9M55D26M44D6M30D5M13D29M4I11M3I154M17D16M5D33M1D2M7I21M5I23M2D25M1I44M
Q06BR2.pdb	O73683.pdb	729	0.236	1.201E-35	14	611	612	12	779	780	16M3D16M2D60M1I67M1I13M96D16M8D19M42D6M11D5M13D29M4I11M3I156M6D27M11D20M11I2M1I16M2I25M2D23M1I47M
Q06BR2.pdb	P14599.pdb	597	0.222	1.439E-29	20	608	612	22	884	887	19M4D10M1D5M3D48M2D15M1I56M1I13M131D21M41D12M2I4M6I140M4D42M29D20M43D22M3D22M10I19M23D18M2I8M1D6M5D43M6D24M
Q06BR2.pdb	Q28280.pdb	15	0.231	3.004E+00	499	562	612	0	56	58	16M12I8M3D7M2D21M
Q06BR2.pdb	Q28748.pdb	12	0.246	4.407E+00	500	563	612	0	56	58	15M12I7M2D8M3D22M
Q06BR2.pdb	Q28053.pdb	11	0.241	5.483E+00	525	563	612	0	57	59	18M19D21M
Q06BR2.pdb	Q28757.pdb	9	0.246	5.789E+00	500	563	612	0	56	58	15M12I7M2D8M3D22M
P51693.pdb	P51693.pdb	4420	1.00	0.000E+00	0	649	650	0	649	650	650M
P51693.pdb	Q03157.pdb	2922	0.888	1.536E-95	0	649	650	0	652	653	14M1I251M4D384M
P51693.pdb	P15943.pdb	1132	0.357	4.480E-50	0	646	650	3	760	765	10M2D13M8I13M1I75M1D4M4I98M14D12M10D17M2D10M2D14M16D4M45D207M5D23M10D6M6D22M8I6M13D21M7D30M1I40M
P51693.pdb	Q06481.pdb	1099	0.350	1.651E-49	0	646	650	0	758	763	24M6I12M2D78M3I90M7I25M14D20M19D14M16D4M45D211M9D18M7D7M5D13M3D5M15D4M8I23M2D35M1I39M
P51693.pdb	Q06335.pdb	1088	0.404	8.361E-50	22	646	650	14	702	707	14M5D11M1D3M2I68M3I117M2I12M1D15M27D10M3D3M2D210M5D21M10D6M6D13M8D9M8I6M5D22M7D26M1I43M
P51693.pdb	O93279.pdb	1084	0.344	7.634E-49	7	646	650	11	732	737	11M14I9M11I72M1I115M5I13M11D14M4D15M73D207M1I5M3D24M7D17M9I5M1D6M1D14M24D31M1I40M
P51693.pdb	O73683.pdb	1030	0.320	7.546E-47	22	646	650	3	775	780	28M2I72M1I86M21D12M12D40M3D13M17D9M66D6M2D197M14D31M9D24M4I28M12D32M1I39M
P51693.pdb	P79307.pdb	1024	0.326	4.529E-47	12	646	650	0	765	770	10M10I92M1I92M2D10M7D22M7I35M102D197M22D9M7D35M2D10M8I28M16D28M1I40M
P51693.pdb	Q95241.pdb	990	0.316	6.587E-48	0	646	650	2	746	751	20M24I80M1I99M1D12M3D7M11D45M65D3M5D197M42D8M4D20M2D25M9I56M1I40M
P51693.pdb	Q5IS80.pdb	988	0.318	1.596E-48	15	646	650	0	765	770	9M7I93M1I97M1D13M3D50M94D6M6D197M29D44M2D10M8I28M16D28M1I40M
P51693.pdb	P08592.pdb	980	0.322	3.151E-48	15	646	650	0	765	770	9M7I93M1I89M10D6M7D28M4I6M1D8M1D24M89D198M42D14M4D14M2D25M8I13M1I43M1I40M
P51693.pdb	P12023.pdb	969	0.323	1.122E-46	15	646	650	0	765	770	9M7I93M1I92M17D31M4I10M2D27M83D2M6D197M42D14M4D14M2D25M8I13M1I43M1I40M
P51693.pdb	P53601.pdb	968	0.324	2.978E-48	19	646	650	1	765	770	5M4I96M1I86M2D20M6I18M6D8M13D22M83D6M6D197M15D50M1D5M5I14M4D9M10D8M14D27M1I40M
P51693.pdb	Q60495.pdb	966	0.326	3.736E-48	15	646	650	0	765	770	9M7I93M1I92M6I14M2D16M17D6M2D26M83D6M6D197M17D7M12D37M2D10M8I29M16D27M1I40M
P51693.pdb	P05067.pdb	942	0.311	1.767E-46	0	646	650	2	765	770	19M24I81M1I86M25D38M1I27M78D14M2D204M14D6M1D37M1D5M5I14M4D11M24D33M1I40M
P51693.pdb	Q06BR2.pdb	725	0.247	1.406E-36	8	646	650	0	607	612	9M13I19M1I18M2I128M1D14M1I9M4I7M49I21M5D32M4D11M3D141M12D20M6I39M8D12M6D8M8D7M2I66M
P51693.pdb	Q10651.pdb	623	0.234	1.327E-31	12	649	650	0	685	686	15M8I14M2D20M1I50M2I63M6D26M6I21M6I5M3I15M5I4M18I38M4D14M3D53M2D87M6D25M10D37M18D11M20D10M33D39M6I6M1I29M
P51693.pdb	P14599.pdb	563	0.208	4.220E-30	25	649	650	5	886	887	36M4D7M1I8M3D43M1D4M1D17M1I83M4D4M19D14M7D10M33D15M43D13M11D11M2I52M7D92M4D35M4D20M69D18M11D10M2D20M16D9M6D10M9D13M1D52M6D25M
P51693.pdb	Q28757.pdb	28	0.188	1.277E+00	550	602	650	4	56	58	53M
P51693.pdb	Q28053.pdb	26	0.188	1.602E+00	550	602	650	5	57	59	53M
P51693.pdb	Q28748.pdb	22	0.188	2.127E+00	550	602	650	4	56	58	53M
P51693.pdb	Q28280.pdb	15	0.157	3.966E+00	555	601	650	0	56	58	18M10D29M
Q06481.pdb	Q06481.pdb	5206	1.00	0.000E+00	0	762	763	0	762	763	763M
Q06481.pdb	P15943.pdb	3454	0.926	0.000E+00	0	762	763	0	764	765	218M2I37M4D506M
Q06481.pdb	Q06335.pdb	1932	0.853	8.279E-86	31	762	763	31	706	707	276M56I400M
Q06481.pdb	Q95241.pdb	1659	0.499	3.540E-73	11	762	763	1	750	751	22M5I4M3I79M2D96M11I7M2I45M10D82M1D216M5D16M7I10M3D21M6D25M1I100M
Q06481.pdb	P08592.pdb	1643	0.490	1.571E-73	11	762	763	1	769	770	20M8I85M2D96M7D29M4I26M6I78M14D8M6D234M2I9M3D25M3D28M2D94M
Q06481.pdb	Q60495.pdb	1621	0.484	4.891E-71	11	762	763	1	769	770	27M8I78M2D96M11I7M2I45M2D9M8D69M14D8M6D213M6D179M
Q06481.pdb	P79307.pdb	1606	0.485	1.525E-70	11	762	763	1	769	770	27M8I78M2D84M3D12M4D29M4I26M6I78M19D9M1D211M18D35M11I33M1I100M
Q06481.pdb	P05067.pdb	1579	0.488	2.926E-72	11	762	763	1	769	770	21M8I84M2D96M11I7M2I45M10D79M14D7M6D212M5D13M2I47M1D24M2D94M
Q06481.pdb	P12023.pdb	1536	0.491	1.486E-71	11	762	763	1	769	770	25M8I80M2D97M7D28M4I26M6I78M14D8M6D213M5D15M7I10M3D25M3D28M2D94M
Q06481.pdb	Q5IS80.pdb	1533	0.489	5.309E-72	20	762	763	4	769	770	16M2I86M2D96M11I7M2I45M2D9M8D69M14D8M6D212M6D25M3I34M1D24M2D94M
Q06481.pdb	P53601.pdb	1504	0.491	1.845E-71	18	762	763	0	769	770	106M2D96M11I7M2I45M10D78M14D8M6D206M1D8M5D23M3I25M4D26M1I100M
Q06481.pdb	O93279.pdb	1500	0.474	2.167E-69	9	762	763	1	736	737	28M9I78M2D83M2D22M3I14M7I43M3D71M1D197M11I21M4I10M4I11M1D16M2I21M4D19M9D80M
Q06481.pdb	O73683.pdb	1492	0.472	8.617E-68	26	762	763	13	779	780	10M5I6M1D77M2D80M28D86M4D44M1D31M1D196M1I18M3I14M10I26M3D52M9D78M
Q06481.pdb	Q03157.pdb	1068	0.359	2.312E-48	0	758	763	0	649	653	44M3D72M3D90M7D25M14I24M15I14M16I4M45I206M3D4M6I4M3I12M10I7M5I22M8D6M13I10M5I7M2I35M1D39M
Q06481.pdb	P51693.pdb	1051	0.355	1.024E-46	0	758	763	0	646	650	23M9D6M1D6M6I75M3D90M7D25M14I10M17I10M2I14M16I4M45I206M5I24M10I6M6I12M3I6M15I4M8D23M2I35M1D39M
Q06481.pdb	Q10651.pdb	868	0.246	7.332E-35	13	759	763	0	683	686	22M2I7M1D22M1I57M1D54M6D28M1D14M34I6M11I7M13I10M62I7M6I38M5D12M2D55M2D77M3I19M5D4M12D37M12D63M27D22M1I13M3I9M1I27M
Q06481.pdb	Q06BR2.pdb	788	0.241	1.332E-36	21	762	763	3	611	612	43M2I57M3D68M1D20M99I3M3I5M43I7M4D6M7D6M2I30M4D11M3D153M7D16M35I26M6D23M7D8M9D8M1I23M1D44M
Q06481.pdb	P14599.pdb	654	0.220	3.160E-32	38	758	763	22	883	887	18M2D2M2D8M1I6M3D47M3D4M2D10M1I69M3D5M13D37M2D11M10D41M12I12M30D7M5I18M11I9M2I52M7D92M4D45M25D17M48D28M2I40M20D7M3D11M9I40M3D5M2I12M6D23M
Q06481.pdb	Q28280.pdb	20	0.385	2.480E+00	667	714	763	0	56	58	18M9D30M
Q06481.pdb	Q28053.pdb	20	0.413	2.349E+00	660	715	763	0	57	59	9M2D47M
Q06481.pdb	Q28748.pdb	18	0.421	2.917E+00	661	715	763	0	56	58	8M2D47M
Q06481.pdb	Q28757.pdb	17	0.407	3.622E+00	662	715	763	3	56	58	54M
P53601.pdb	P53601.pdb	5240	1.00	0.000E+00	0	769	770	0	769	770	770M
P53601.pdb	Q5IS80.pdb	3523	0.996	0.000E+00	0	769	770	0	769	770	770M
P53601.pdb	Q60495.pdb	3090	0.968	0.000E+00	0	769	770	0	769	770	770M
P53601.pdb	P05067.pdb	2991	0.994	0.000E+00	0	769	770	0	769	770	770M
P53601.pdb	P12023.pdb	2792	0.966	0.000E+00	0	769	770	0	769	770	770M
P53601.pdb	P79307.pdb	2573	0.976	0.000E+00	0	769	770	0	769	770	770M
P53601.pdb	Q95241.pdb	2527	0.970	0.000E+00	0	769	770	0	750	751	345M19I406M
P53601.pdb	P08592.pdb	2490	0.968	0.000E+00	0	769	770	0	769	770	770M
P53601.pdb	O73683.pdb	1882	0.674	8.260E-88	10	769	770	11	779	780	178M1I33M14D13M19D38M3D42M1D30M15I5M4I193M1I45M2I12M2D3M4I25M3I113M
P53601.pdb	O93279.pdb	1827	0.656	1.089E-87	0	769	770	1	736	737	188M1I77M1I78M19I201M12I4M12D24M1I10M5I4M4I25M3I113M
P53601.pdb	Q06335.pdb	1542	0.446	1.336E-59	23	769	770	41	706	707	83M2I90M29I6M7I41M10I11M4I9M16I4M15I14M5D8M3D212M3I62M1I24M2I94M
P53601.pdb	P15943.pdb	1502	0.479	4.001E-71	10	769	770	26	764	765	9M2D87M2I98M9I24M1D21M13D84M10I7M10I215M6I178M
P53601.pdb	Q06481.pdb	1482	0.488	1.062E-71	0	769	770	10	762	763	29M8D77M2I109M9I16M6D20M6D82M14I8M6I206M1I8M5I18M3D30M4I26M1D100M
P53601.pdb	Q03157.pdb	968	0.324	2.764E-47	0	765	770	20	649	653	29M1D73M1D93M2I13M7D23M23I24M72I10M10I197M15I50M6I4M10D9M4I10M10I8M14I28M1D39M
P53601.pdb	P51693.pdb	930	0.315	1.746E-45	0	765	770	18	646	650	6M4D96M1D86M2I20M6D20M27I21M75I13M6I197M15I50M6I4M10D6M14I21M14I27M1D40M
P53601.pdb	Q06BR2.pdb	782	0.238	4.836E-38	0	769	770	4	611	612	17M1I9M3I16M2I60M1D67M1D13M3D11M71I8M17I6M9I4M23I10M36I33M4D11M3D172M22I31M1I2M7D21M5D22M2I26M1D44M
P53601.pdb	Q10651.pdb	692	0.247	3.412E-36	13	766	770	17	683	686	35M1I57M1I55M6D28M1D8M30I5M7I21M90I10M16I40M4D12M3D51M2D79M3I14M6I13M11D40M14D28M9D21M18D5M6D38M6I8M1I25M
P53601.pdb	P14599.pdb	585	0.234	4.036E-33	19	765	770	21	883	887	19M2D2M2D8M1I11M3D44M3D14M1I69M31D9M3D10M4I16M21D54M10I8M6D11M4I13M26I8M3I8M3I55M7D89M4D37M40D6M25D19M7I42M2D32M19D70M1D11M6D23M
P53601.pdb	Q28748.pdb	120	1.00	2.904E-04	666	722	770	0	56	58	57M
P53601.pdb	Q28757.pdb	118	1.00	4.046E-04	666	722	770	0	56	58	57M
P53601.pdb	Q28280.pdb	117	1.00	2.748E-04	665	721	770	0	56	58	57M
P53601.pdb	Q28053.pdb	114	1.00	4.276E-04	665	722	770	0	57	59	58M
P53601.pdb	Q29149.pdb	68	1.00	1.736E-02	666	721	770	0	55	57	56M
P05067.pdb	P05067.pdb	5218	1.00	0.000E+00	0	769	770	0	769	770	770M
P05067.pdb	P53601.pdb	2979	0.994	0.000E+00	0	769	770	0	769	770	770M
P05067.pdb	P12023.pdb	2948	0.966	0.000E+00	0	769	770	0	769	770	770M
P05067.pdb	P08592.pdb	2847	0.968	0.000E+00	0	769	770	0	769	770	770M
P05067.pdb	Q60495.pdb	2808	0.968	0.000E+00	0	769	770	0	769	770	770M
P05067.pdb	Q95241.pdb	2747	0.968	0.000E+00	0	769	770	0	750	751	345M19I406M
P05067.pdb	Q5IS80.pdb	2688	0.998	0.000E+00	0	769	770	0	769	770	770M
P05067.pdb	P79307.pdb	2461	0.977	0.000E+00	0	769	770	0	769	770	770M
P05067.pdb	O73683.pdb	1787	0.674	2.275E-84	14	769	770	15	779	780	174M1I33M14D13M19D38M3D42M1D28M19I200M1I45M2I12M2D3M4I25M3I113M
P05067.pdb	O93279.pdb	1739	0.661	3.503E-86	6	769	770	7	736	737	182M1I77M1I77M19I201M11I7M11D23M1I10M5I4M4I25M3I113M
P05067.pdb	Q06481.pdb	1582	0.482	3.554E-72	0	769	770	10	762	763	22M8D84M2I109M9I16M6D20M6D83M14I7M6I212M1I63M3I23M2I94M
P05067.pdb	P15943.pdb	1561	0.484	3.655E-71	0	769	770	10	764	765	23M5D4M3D79M2I83M2D16M4I7M1D36M6D90M14I8M6I217M3I57M1I24M2I94M
P05067.pdb	Q06335.pdb	1289	0.448	1.475E-57	24	769	770	41	706	707	4M1D78M2I109M1I23M2I20M23I3M1I10M16I9M24I17M6I215M3I59M1I24M2I94M
P05067.pdb	P51693.pdb	931	0.303	5.343E-44	3	765	770	1	646	650	18M13D9M11D72M1D88M1I23M3I8M66I8M9I4M6I7M7I3M15I22M3D201M4I7M3I3M39I14M2I25M9D56M1D40M
P05067.pdb	Q03157.pdb	921	0.322	4.415E-45	0	765	770	20	649	653	15M1D87M1D86M5D53M51I7M51I14M3I202M17I4M3D6M1I37M6I4M10D9M4I10M24I36M1D39M
P05067.pdb	Q06BR2.pdb	810	0.231	6.162E-37	10	769	770	0	611	612	20M10D16M2I57M1D70M1D17M156I13M4I7M2D11M5D34M3D11M4D171M22I31M11D9M2I10M5D16M5I32M1D44M
P05067.pdb	Q10651.pdb	695	0.253	1.032E-35	0	766	770	5	683	686	12M1I35M1I58M1I54M6D26M1I18M35I18M90I11M16I40M4D12M3D52M2D78M3I14M6I13M11D40M14D28M9D20M18D16M5D29M5I6M1I27M
P05067.pdb	P14599.pdb	603	0.227	2.093E-33	24	765	770	26	883	887	14M2D2M2D8M1I6M3D49M3D14M1I69M31D41M20D50M12I20M3I13M22I26M2I6M1I46M7D89M4D37M40D6M25D20M7I41M2D32M19D48M1D33M6D23M
P05067.pdb	Q28757.pdb	110	1.00	4.730E-04	666	722	770	0	56	58	57M
P05067.pdb	Q28748.pdb	109	1.00	4.480E-04	666	722	770	0	56	58	57M
P05067.pdb	Q28280.pdb	104	1.00	5.565E-04	665	721	770	0	56	58	57M
P05067.pdb	Q28053.pdb	101	1.00	8.586E-04	665	722	770	0	57	59	58M
O93279.pdb	O93279.pdb	5012	1.00	0.000E+00	0	736	737	0	736	737	737M
O93279.pdb	O73683.pdb	2293	0.692	6.764E-89	0	736	737	0	779	780	220M4D22M26D13M6D15M1D42M1D230M9D13M10I17M5D14M1D141M
O93279.pdb	P79307.pdb	1982	0.655	9.514E-87	0	736	737	0	769	770	8M1I180M1D77M1D78M19D201M12D11M3D8M7D15M4I8M8I29M3D109M
O93279.pdb	Q5IS80.pdb	1944	0.656	2.983E-88	0	736	737	0	769	770	9M1I179M1D80M1D74M19D199M11D12M11I16M5D7M5D40M3D109M
O93279.pdb	P53601.pdb	1873	0.654	3.170E-87	3	736	737	2	769	770	186M1D77M1D77M19D202M12D12M3D7M2I17M3I42M3D109M
O93279.pdb	Q60495.pdb	1860	0.656	1.829E-87	4	736	737	3	769	770	185M1D78M1D77M19D198M11D12M11I20M1D10M2D4M7D29M3D109M
O93279.pdb	P12023.pdb	1851	0.664	8.160E-85	0	736	737	0	769	770	6M1I182M1D83M1D68M1D3M18D210M8D5M8I19M1D8M9D35M3D109M
O93279.pdb	Q95241.pdb	1839	0.674	3.368E-86	0	736	737	0	750	751	6M1I182M1D77M1D276M9D2M2D10M11I20M1D5M9D38M3D109M
O93279.pdb	P08592.pdb	1832	0.658	1.840E-86	0	736	737	0	769	770	6M1I189M1D70M1D74M1D3M18D210M8D5M8I19M1D5M9D38M3D109M
O93279.pdb	P05067.pdb	1798	0.654	2.544E-87	0	736	737	0	769	770	6M1I182M1D77M1D77M19D199M11D43M1I42M3D109M
O93279.pdb	Q06481.pdb	1569	0.470	1.531E-70	0	736	737	8	762	763	29M9D78M2I83M2I42M6D44M1D67M1I197M11D26M5D36M2I14M2I8M5I99M
O93279.pdb	P15943.pdb	1553	0.466	2.510E-70	2	736	737	6	764	765	26M13D79M2I90M1D82M6D66M1I197M11D22M1I13M1I36M3I16M1D100M
O93279.pdb	Q06335.pdb	1239	0.433	9.567E-57	22	736	737	38	706	707	7M1D78M2I98M5I37M8I27M7I7M17I11M14I7M1I194M11D25M1I13M1I83M2I70M
O93279.pdb	Q03157.pdb	1143	0.342	1.735E-48	4	732	737	24	649	653	99M1D117M5D11M8I33M76I210M2I26M3I19M8D4M4I19M25I34M1D39M
O93279.pdb	P51693.pdb	1060	0.339	4.203E-47	0	732	737	0	646	650	6M1I15M11D9M11D72M1D117M5D20M11I6M4I14M73I207M1D5M3I24M7I17M9D5M1I18M25I33M1D40M
O93279.pdb	Q06BR2.pdb	795	0.255	3.011E-38	0	736	737	0	611	612	5M1D24M2I16M2I60M1D67M1D13M1I11M16I8M66I7M54I11M5D33M4D11M3D138M2D7M6D29M20I21M11D2M1D16M2D25M2I23M1D47M
O93279.pdb	Q10651.pdb	695	0.248	1.271E-35	0	733	737	2	683	686	20M1D29M1I57M1I51M6D48M21I12M18I7M79I9M3I39M5D12M2D53M2D89M9D3M8D46M9D16M7D35M23D7M6D38M6I6M1I27M
O93279.pdb	P14599.pdb	597	0.223	5.990E-33	22	732	737	23	883	887	17M2D2M2D6M1I8M3D49M3D14M1I73M6D4M5D23M35D14M4D47M9I9M4D33M10I10M3I55M7D89M4D37M80D25M10I61M20D6M2D61M1D11M6D23M
O93279.pdb	Q28748.pdb	96	0.803	3.476E-03	634	689	737	1	56	58	56M
O93279.pdb	Q28280.pdb	92	0.771	3.476E-03	632	688	737	0	56	58	57M
O93279.pdb	Q28757.pdb	90	0.803	6.363E-03	634	689	737	1	56	58	56M
O93279.pdb	Q28053.pdb	87	0.775	6.723E-03	632	689	737	0	57	59	58M
Q10651.pdb	Q10651.pdb	4574	1.00	0.000E+00	0	685	686	0	685	686	686M
Q10651.pdb	Q06481.pdb	916	0.233	1.055E-35	1	683	686	5	759	763	22M1D6M6D5M3D18M1D57M1I54M6I28M1I27M4D10M116D7M6D41M4I9M3I53M2I79M3D16M2I58M13I13M1D22M22I7M20I12M1I28M2I1M7D6M1D27M
Q10651.pdb	P79307.pdb	844	0.257	6.441E-36	5	683	686	0	766	770	12M1D35M1D57M1D51M6I30M11D9M25D31M90D7M16D40M4I10M3I53M2I79M3D14M6D21M22I21M4I6M1D13M4I19M22I16M1I18M5I30M5D7M1D27M
Q10651.pdb	P15943.pdb	835	0.224	3.938E-35	1	683	686	2	761	765	28M10D5M3D16M1D59M1I54M6I50M23D16M24D7M80D41M4I9M3I53M2I79M3D26M2I48M13I13M1D22M22I5M5I2M15I12M1I39M6D25M
Q10651.pdb	Q95241.pdb	774	0.251	2.032E-37	6	683	686	0	747	751	24M2D22M1D58M1D50M6I30M31D13M5D29M25D3M62D42M4I10M3I53M2I79M3D14M6D16M2I17M3D3M1I11M25I12M4I19M22I9M9I6M3D46M5D8M1D26M
Q10651.pdb	Q06BR2.pdb	734	0.287	8.967E-35	32	684	686	28	609	612	18M1I57M2D54M3I2M3I13M1D15M2D10M21I16M11D4M3I101M2I85M3D7M4D24M3I9M8I8M11I9M1I7M13I6M2I9M20I11M3D11M7I13M5I27M5D6M1D28M
Q10651.pdb	O93279.pdb	724	0.246	1.926E-36	2	683	686	0	733	737	20M1I29M1D57M1D51M6I48M31D29M90D40M4I10M3I53M2I88M2I9M4I45M20I31M14I16M16I7M6I38M6D6M1D27M
Q10651.pdb	P05067.pdb	720	0.249	1.054E-36	6	683	686	0	766	770	27M2D19M1D58M1D50M6I30M31D13M5D27M90D7M16D40M4I10M3I57M2I75M3D14M6D24M1I8M7I14M17I16M4I21M7I17M16I17M5I29M5D6M1D27M
Q10651.pdb	P08592.pdb	718	0.246	4.634E-36	6	683	686	0	766	770	11M2D35M1D56M1D52M6I30M1D8M28D32M97D7M16D40M4I10M3I53M2I79M3D14M6D24M1I8M5D5M4I8M25I12M4I19M22I12M7I52M6D6M1D27M
Q10651.pdb	Q60495.pdb	714	0.244	2.038E-35	6	683	686	0	766	770	26M2D20M1D57M1D51M6I30M26D6M14D34M86D7M16D40M4I10M3I53M2I79M3D14M6D21M22I21M4I6M1D13M4I19M22I32M8I31M7D6M1D27M
Q10651.pdb	P53601.pdb	712	0.246	1.176E-36	33	683	686	29	766	770	19M1D57M1D51M6I30M14D6M26D33M86D8M16D40M4I10M3I53M2I79M3D14M6D24M1I8M7I14M17I16M4I20M5I20M18I5M6I38M6D8M1D25M
Q10651.pdb	Q5IS80.pdb	710	0.248	1.312E-36	33	683	686	29	766	770	19M1D57M1D51M6I30M1D13M35D27M90D7M16D40M4I10M3I53M2I79M3D14M6D22M1D16M1I11M25I12M4I19M22I9M9I7M3I5M5D38M6D8M1D25M
Q10651.pdb	Q06335.pdb	705	0.256	4.904E-35	33	683	686	47	703	707	19M1D57M1I54M6I54M22D12M23D7M24D41M4I9M3I53M2I90M3D5M2I58M13I23M41I7M3I23M2D31M5D6M1D27M
Q10651.pdb	P12023.pdb	697	0.250	4.642E-35	6	683	686	0	766	770	27M2D19M1D57M1D51M6I30M23D13M13D27M90D7M16D40M4I10M3I57M2I75M3D14M6D24M1I8M5D5M4I8M25I12M4I21M7I17M16I6M5I39M5D9M1D25M
Q10651.pdb	O73683.pdb	649	0.233	1.474E-32	33	683	686	30	776	780	19M1D57M1D51M6I46M70D27M10D4M79D40M4I13M3I50M2I91M6D8M2I34M25I20M5I17M12I17M13I9M6I36M6D7M1D27M
Q10651.pdb	Q03157.pdb	626	0.231	9.013E-32	4	685	686	15	652	653	10M4D16M2D22M1D49M2D63M6I26M4D27M11D14M9D6M18D41M4I9M3I53M2I87M4I36M12I25M66I7M4I23M1I29M6D8M1D29M
Q10651.pdb	P14599.pdb	620	0.235	5.225E-30	25	685	686	26	886	887	5M3I10M4D15M2D5M1D44M4D15M1I39M3I2M3I28M6D6M16D27M2D6M129D120M2I35M4D42M24D2M1D15M42D8M5I39M18I18M11I6M23I8M17D7M3D42M2D13M5D6M7D29M
Q10651.pdb	P51693.pdb	603	0.228	1.842E-30	34	685	686	52	649	650	18M1D49M2D63M6I26M6D27M9D20M23D39M4I11M3I53M2I88M6I24M10I37M66I6M4I23M1I31M6D6M1D29M
Q10651.pdb	Q28053.pdb	8	0.117	8.452E+00	597	645	686	6	56	59	8M2D41M
Q03157.pdb	Q03157.pdb	4433	1.00	0.000E+00	0	652	653	0	652	653	653M
Q03157.pdb	P51693.pdb	2943	0.888	2.392E-95	0	652	653	0	649	650	14M1D251M4I384M
Q03157.pdb	O93279.pdb	1167	0.344	1.142E-50	24	649	653	4	732	737	99M1I117M5I11M8D33M76D210M2D26M3D16M1D4M5I25M25D34M1I39M
Q03157.pdb	Q06481.pdb	1131	0.348	2.014E-50	0	649	653	0	758	763	44M3I72M3I118M7D31M6D15M70D211M9D18M7D7M5D22M8I6M13D10M5D7M2D35M1I39M
Q03157.pdb	P15943.pdb	1128	0.351	1.142E-50	0	649	653	0	760	765	45M3I71M1D4M4I98M14D12M10D45M16D4M45D206M3I4M12D16M7D7M5D22M8I6M13D21M7D31M1I39M
Q03157.pdb	Q06335.pdb	1120	0.396	1.142E-50	47	649	653	42	702	707	4M2D68M3I89M6I7M1I26M7D22M21D15M6D204M3I4M12D16M7D7M5D22M8I6M13D22M7D30M1I39M
Q03157.pdb	P79307.pdb	1075	0.321	3.716E-48	20	649	653	0	765	770	16M3I11M2D73M1I86M8D9M4D27M5I26M92D18M1D196M22D10M5D14M2D29M9I25M19D32M1I39M
Q03157.pdb	P12023.pdb	1056	0.334	5.718E-49	21	649	653	0	765	770	102M1I86M10D11M2D22M2D45M80D6M6D206M13D13M14D2M2D10M13D21M6I14M1D8M2D36M1I39M
Q03157.pdb	O73683.pdb	1056	0.324	1.155E-47	34	649	653	12	775	780	16M2D73M1I86M23D10M6D18M6D48M8D8M74D204M13D31M1D16M8I28M25D29M1I39M
Q03157.pdb	P08592.pdb	1044	0.335	1.385E-49	21	649	653	0	765	770	102M1I91M2D18M2D8M7D4M9I12M5D21M87D7M6D204M13D15M14D2M2D10M13D21M6I14M1D8M2D36M1I39M
Q03157.pdb	Q5IS80.pdb	1039	0.329	7.014E-50	21	649	653	0	765	770	102M1I117M2D42M2D5M85D4M5D2M6D197M22D6M17D30M3D19M6I14M1D9M2D35M1I39M
Q03157.pdb	Q95241.pdb	1031	0.333	4.069E-49	20	649	653	0	746	751	15M1I87M1I86M2D58M6D26M73D197M13D23M24D6M11D24M9I57M1I39M
Q03157.pdb	P53601.pdb	1026	0.331	4.456E-50	20	649	653	0	765	770	29M1I73M1I92M2D14M7I31M13D26M92D197M15D50M1D5M5I14M4D9M10D8M14D28M1I39M
Q03157.pdb	Q60495.pdb	1017	0.326	4.456E-50	20	649	653	0	765	770	29M1I73M1I86M9I18M4D31M13D20M86D6M6D197M22D10M5D14M2D30M6I31M16D28M1I39M
Q03157.pdb	P05067.pdb	992	0.331	1.195E-48	20	649	653	0	765	770	15M1I87M1I86M5I53M13D26M92D204M14D6M1D37M1D5M5I14M4D9M24D36M1I39M
Q03157.pdb	Q06BR2.pdb	741	0.238	1.054E-36	10	649	653	0	607	612	7M6I22M5I17M2I128M1D18M1I9M3I12M54I7M2I3M7D32M4D11M3D138M3D57M8D26M18D12M3I65M
Q03157.pdb	Q10651.pdb	656	0.228	1.777E-33	20	652	653	5	685	686	25M2I22M1I49M2I63M6D26M4I27M11I14M9I6M18I36M4D14M3D53M2D89M8D23M8D40M22D5M2D20M47D30M6I8M1I29M
Q03157.pdb	P14599.pdb	572	0.219	6.851E-31	40	652	653	21	886	887	20M4D7M1I8M3D43M1D4M1D17M1I69M18D9M4D19M9D12M19D30M35D11M28D4M2I52M7D92M4D35M4D20M53D4M15D20M16D25M14D8M6D10M8D17M2D48M6D25M
Q03157.pdb	Q28757.pdb	23	0.207	2.127E+00	553	605	653	4	56	58	53M
Q03157.pdb	Q28748.pdb	21	0.236	2.382E+00	552	605	653	2	56	58	6M1D48M
Q03157.pdb	Q28053.pdb	21	0.207	2.521E+00	553	605	653	5	57	59	53M
Q03157.pdb	Q28280.pdb	16	0.175	3.542E+00	562	604	653	0	56	58	15M14D28M
P08592.pdb	P08592.pdb	5219	1.00	0.000E+00	0	769	770	0	769	770	770M
P08592.pdb	P12023.pdb	3112	0.992	0.000E+00	0	769	770	0	769	770	770M
P08592.pdb	Q95241.pdb	2932	0.949	0.000E+00	0	769	770	0	750	751	345M19I406M
P08592.pdb	P05067.pdb	2814	0.968	0.000E+00	0	769	770	0	769	770	770M
P08592.pdb	Q60495.pdb	2659	0.968	0.000E+00	0	769	770	0	769	770	770M
P08592.pdb	Q5IS80.pdb	2480	0.970	0.000E+00	0	769	770	0	769	770	770M
P08592.pdb	P53601.pdb	2468	0.968	0.000E+00	0	769	770	0	769	770	770M
P08592.pdb	P79307.pdb	2454	0.980	0.000E+00	0	769	770	0	769	770	770M
P08592.pdb	O73683.pdb	1804	0.672	2.009E-82	14	769	770	15	779	780	174M1I31M14D15M3D6M16D32M3D42M1D30M19I198M1I45M10I11M6D25M3I113M
P08592.pdb	O93279.pdb	1708	0.660	4.746E-84	6	769	770	7	736	737	189M1I70M1I74M1I3M18I201M11I9M11D21M1I10M2I5M7I24M3I113M
P08592.pdb	Q06481.pdb	1624	0.489	5.176E-72	0	769	770	10	762	763	22M8D84M2I96M7I30M4D21M6D82M14I8M6I234M2D9M3I25M3I28M2I94M
P08592.pdb	P15943.pdb	1595	0.486	5.751E-71	0	769	770	10	764	765	22M8D83M2I97M2I12M1D36M6D90M14I8M6I212M3D30M4I25M3I28M2I94M
P08592.pdb	Q06335.pdb	1205	0.454	8.602E-56	23	769	770	41	706	707	83M2I95M18I61M9I11M19I4M26I16M1I216M3D30M4I25M3I28M2I94M
P08592.pdb	Q03157.pdb	953	0.315	4.679E-44	0	765	770	0	649	653	6M3I13M13D8M11D72M1D91M2I18M2I8M7I4M29I21M7I8M55I17M2D205M13I16M24I30M9D6M8I7M1I8M2I36M1D39M
P08592.pdb	P51693.pdb	899	0.313	2.208E-43	10	765	770	3	646	650	8M1D12M28D72M1D93M2I16M10I10M45I12M5I8M47I22M5D197M42I15M4I13M2I24M12D11M1I8M2I35M1D40M
P08592.pdb	Q06BR2.pdb	775	0.234	1.346E-35	10	769	770	0	611	612	20M10D16M2I60M1D67M1D19M156I12M2I19M5D31M3D14M4D153M1D22M23I26M1I2M7D21M3D50M1D44M
P08592.pdb	Q10651.pdb	673	0.244	5.120E-34	0	766	770	5	683	686	12M1I35M1I57M1I55M6D26M1I15M6I21M119I11M16I40M4D12M3D51M2D79M3I14M6I13M22D14M14D73M16D6M5D39M5I7M1I27M
P08592.pdb	P14599.pdb	637	0.236	2.689E-33	25	765	770	27	883	887	13M2D2M2D8M1I6M3D49M3D14M1I75M37D22M6D29M1I12M4D23M10I11M14I17M16I26M5D55M7D89M4D37M40D6M25D23M1I28M4I44M19D15M1D7M1I25M1D33M6D23M
P08592.pdb	Q28757.pdb	94	0.947	2.063E-03	666	722	770	0	56	58	57M
P08592.pdb	Q28053.pdb	91	0.948	2.297E-03	665	722	770	0	57	59	58M
P08592.pdb	Q28748.pdb	88	0.947	3.340E-03	666	722	770	0	56	58	57M
P08592.pdb	Q28280.pdb	81	0.947	6.017E-03	665	721	770	0	56	58	57M
P12023.pdb	P12023.pdb	5287	1.00	0.000E+00	0	769	770	0	769	770	770M
P12023.pdb	P08592.pdb	3098	0.992	0.000E+00	0	769	770	0	769	770	770M
P12023.pdb	P05067.pdb	2904	0.966	0.000E+00	0	769	770	0	769	770	770M
P12023.pdb	Q95241.pdb	2876	0.949	0.000E+00	0	769	770	0	750	751	345M19I406M
P12023.pdb	P53601.pdb	2757	0.966	0.000E+00	0	769	770	0	769	770	770M
P12023.pdb	Q5IS80.pdb	2712	0.967	0.000E+00	0	769	770	0	769	770	770M
P12023.pdb	Q60495.pdb	2580	0.963	0.000E+00	0	769	770	0	769	770	770M
P12023.pdb	P79307.pdb	2481	0.972	0.000E+00	0	769	770	0	769	770	770M
P12023.pdb	O73683.pdb	1810	0.673	7.933E-81	14	769	770	15	779	780	174M1I30M14D16M3D6M16D30M3D44M1D30M19I198M1I45M10I11M6D25M3I113M
P12023.pdb	O93279.pdb	1732	0.664	8.104E-83	6	769	770	7	736	737	182M1I77M1I74M1I3M18I201M11I9M11D21M1I10M2I5M7I24M3I113M
P12023.pdb	Q06481.pdb	1516	0.491	4.606E-70	0	769	770	10	762	763	26M8D80M2I97M7I29M4D21M6D82M14I8M6I234M2D9M3I25M3I28M2I94M
P12023.pdb	P15943.pdb	1507	0.488	1.268E-69	0	769	770	10	764	765	23M5D4M3D79M2I83M2D15M11I22M1D21M13D84M14I8M6I213M6I179M
P12023.pdb	Q06335.pdb	1251	0.453	2.590E-56	24	769	770	39	706	707	3M3D79M2I95M18I49M21I5M11I8M16I5M11I17M1D8M3D209M3D33M4I25M3I28M2I94M
P12023.pdb	Q03157.pdb	972	0.315	8.638E-44	2	765	770	16	649	653	8M7D92M1D87M12D6M3D13M1D9M30I33M80I6M6I206M13I14M24I30M9D6M8I7M1I8M2I36M1D39M
P12023.pdb	P51693.pdb	899	0.300	4.461E-42	0	765	770	0	646	650	21M19D9M3D72M1D87M12D30M3I11M58I8M53I18M2I197M42I15M4I13M2I24M12D11M1I8M2I35M1D40M
P12023.pdb	Q06BR2.pdb	725	0.240	3.171E-35	10	769	770	0	611	612	20M10D16M2I60M1D67M1D13M3D15M88I10M9I4M29I5M28I9M2I27M3D13M4D155M10I8M7I9M5I31M1I2M7D21M5D23M2I25M1D44M
P12023.pdb	Q10651.pdb	661	0.249	3.842E-33	0	766	770	6	683	686	27M2I19M1I57M1I55M6D26M1I15M35I21M90I11M16I40M4D12M3D52M2D78M3I24M8D16M8D12M10D5M4D63M16D6M5D39M5I9M1I25M
P12023.pdb	P14599.pdb	583	0.239	1.116E-32	21	765	770	23	883	887	17M2D2M2D8M1I6M3D49M3D14M1I69M31D15M6D14M6D28M1I12M4D23M10I11M14I18M8I33M2I6M1I46M7D89M4D37M40D6M25D24M7I37M2D32M19D15M1D7M1I25M1D33M6D23M
P12023.pdb	Q28757.pdb	90	0.947	3.453E-03	666	722	770	0	56	58	57M
P12023.pdb	Q28748.pdb	89	0.947	3.642E-03	666	722	770	0	56	58	57M
P12023.pdb	Q28053.pdb	86	0.948	4.508E-03	665	722	770	0	57	59	58M
P12023.pdb	Q28280.pdb	82	0.947	5.885E-03	665	721	770	0	56	58	57M
Q95241.pdb	Q95241.pdb	5170	1.00	0.000E+00	0	750	751	0	750	751	751M
Q95241.pdb	P08592.pdb	2988	0.949	0.000E+00	0	750	751	0	769	770	345M19D406M
Q95241.pdb	P12023.pdb	2949	0.949	0.000E+00	0	750	751	0	769	770	345M19D406M
Q95241.pdb	P05067.pdb	2770	0.968	0.000E+00	0	750	751	0	769	770	345M19D406M
Q95241.pdb	Q5IS80.pdb	2695	0.970	0.000E+00	0	750	751	0	769	770	345M19D406M
Q95241.pdb	P53601.pdb	2554	0.970	0.000E+00	0	750	751	0	769	770	345M19D406M
Q95241.pdb	Q60495.pdb	2535	0.950	0.000E+00	0	750	751	0	769	770	345M19D406M
Q95241.pdb	P79307.pdb	2468	0.957	2.039E-103	0	750	751	0	769	770	345M19D406M
Q95241.pdb	O73683.pdb	1867	0.689	1.387E-82	14	750	751	15	779	780	174M1I33M14D13M19D38M3D42M1D228M1I62M4I25M3I113M
Q95241.pdb	O93279.pdb	1771	0.679	1.724E-83	6	750	751	7	736	737	182M1I77M1I276M9I2M2I9M11D21M1I10M5I4M4I25M3I113M
Q95241.pdb	Q06481.pdb	1682	0.496	6.347E-72	0	750	751	10	762	763	23M5D4M3D79M2I82M11D21M2D45M10I82M1I238M2D9M3I19M5I128M
Q95241.pdb	P15943.pdb	1631	0.494	1.571E-70	0	750	751	10	764	765	23M5D4M3D78M2I84M2D14M4I9M1D36M6D94M1I216M3I56M3I124M
Q95241.pdb	Q06335.pdb	1206	0.460	3.017E-56	24	750	751	39	706	707	3M3D79M2I84M2D25M3I21M2I20M24I13M16I9M2I7M8I10M1I207M1I57M5I128M
Q95241.pdb	Q03157.pdb	958	0.336	7.640E-45	0	746	751	20	649	653	15M1D87M1D86M2I20M7D31M13I26M73I197M13I23M24I6M11I24M9D57M1D39M
Q95241.pdb	P51693.pdb	933	0.306	8.477E-44	3	746	751	1	646	650	19M21D8M3D72M1D99M1I22M10D8M24I23M70I201M41I18M5I10M2I25M9D56M1D40M
Q95241.pdb	Q06BR2.pdb	794	0.251	2.060E-36	30	750	751	30	611	612	16M2I57M1D70M1D13M2I15M92I7M45I11M2I4M7D29M3D13M4D154M1D22M23I26M1I2M3D39M7D32M1D44M
Q95241.pdb	Q10651.pdb	732	0.256	4.580E-35	0	747	751	6	683	686	24M2I22M1I58M1I54M6D26M1I15M35I27M25I3M62I42M4D12M3D51M2D79M3I14M6I13M11D40M14D28M9D21M18D4M5D39M5I8M1I26M
Q95241.pdb	P14599.pdb	592	0.237	8.174E-32	26	746	751	28	883	887	12M2D2M2D8M1I6M3D49M3D14M1I69M31D15M6D10M2D6M12D60M12I9M8D11M3I20M11I8M3I55M7D89M4D37M40D6M25D24M7I20M6I16M1D32M22D14M1D18M3D11M1D33M6D23M
Q95241.pdb	Q28757.pdb	104	1.00	9.810E-04	647	703	751	0	56	58	57M
Q95241.pdb	Q28053.pdb	102	1.00	9.810E-04	646	703	751	0	57	59	58M
Q95241.pdb	Q28748.pdb	98	1.00	1.587E-03	647	703	751	0	56	58	57M
Q95241.pdb	Q28280.pdb	92	1.00	2.435E-03	646	702	751	0	56	58	57M
Q95241.pdb	Q29149.pdb	40	1.00	2.841E-01	647	702	751	0	55	57	56M
Q06335.pdb	Q06335.pdb	4495	1.00	0.000E+00	0	706	707	0	706	707	707M
Q06335.pdb	P15943.pdb	1992	0.895	4.990E-92	0	706	707	0	764	765	223M2I29M4D53M56D400M
Q06335.pdb	Q06481.pdb	1980	0.854	2.519E-89	0	706	707	0	762	763	307M56D400M
Q06335.pdb	P53601.pdb	1531	0.437	2.546E-60	41	706	707	23	769	770	83M2D96M11I4M15D20M1I20M6I18M74D5M1D10M1D218M3D56M1D24M2D94M
Q06335.pdb	Q5IS80.pdb	1444	0.446	1.453E-60	39	706	707	21	769	770	85M2D109M4D22M1I20M1I15M13D5M56D8M1D10M1D212M3I15M6D44M1D24M2D94M
Q06335.pdb	P79307.pdb	1328	0.456	1.294E-59	41	706	707	23	769	770	83M2D86M1D12M6D24M4I39M16D8M52D8M1D10M1D212M3I15M6D15M2I28M3D23M2D94M
Q06335.pdb	P05067.pdb	1319	0.440	2.537E-59	41	706	707	24	769	770	4M1I78M2D100M3D52M6I17M70D16M6D215M3D59M1D24M2D94M
Q06335.pdb	P12023.pdb	1314	0.451	2.838E-59	39	706	707	24	769	770	3M3I79M2D97M7D14M3I17M1I20M6I17M70D16M6D209M3I33M4D25M3D28M2D94M
Q06335.pdb	Q60495.pdb	1306	0.449	1.374E-60	41	706	707	23	769	770	83M2D80M2I32M6D17M1I20M6I18M73D5M2D10M1D213M6D179M
Q06335.pdb	O73683.pdb	1302	0.433	2.838E-59	32	706	707	5	779	780	12M10D80M2D158M11D25M77D8M2D190M1I19M3I94M2D85M
Q06335.pdb	P08592.pdb	1268	0.448	3.001E-59	41	706	707	23	769	770	83M2D138M3D14M6I17M70D16M6D212M3I30M4D25M3D28M2D94M
Q06335.pdb	O93279.pdb	1263	0.426	1.806E-58	41	706	707	24	736	737	83M2D107M1I12M5I28M9I25M67D195M11I23M5I89M8D2M1D71M
Q06335.pdb	Q95241.pdb	1261	0.459	1.916E-59	46	706	707	28	750	751	78M2D97M3D55M6I17M11D8M45D8M1D207M1D34M2D4M2I19M6D25M1I100M
Q06335.pdb	Q03157.pdb	1069	0.390	2.749E-50	40	702	707	34	649	653	8M9D68M3D89M6D7M1D16M5I8M24I4M2I10M2I21M1I208M3D4M12I16M7I7M5I22M8D6M13I22M7I30M1D39M
Q06335.pdb	P51693.pdb	1049	0.405	2.449E-49	14	702	707	22	646	650	14M5I4M1I10M2D68M3D98M19I9M6I19M9I21M3D213M9I2M4D21M10I6M6I13M8I9M9D4M6I23M7I26M1D43M
Q06335.pdb	Q06BR2.pdb	778	0.253	2.348E-37	38	706	707	20	611	612	26M2I57M3D68M1D18M25I8M64I9M4D6M7D6M2I30M4D11M3D167M28I35M6D23M7D8M1D3M7D33M1D40M
Q06335.pdb	Q10651.pdb	690	0.250	2.332E-35	47	703	707	33	683	686	19M1I57M1D54M6D50M63I23M6I41M4D7M3D57M2D88M3I9M17D40M12D66M16D4M12D30M5I6M1I27M
Q06335.pdb	P14599.pdb	566	0.222	2.440E-32	8	702	707	1	883	887	16M9I23M2D2M2D8M1I6M3D49M5D12M1I76M16D35M12D51M16D15M42D4M2I39M2D13M5D92M4D37M40D8M5D9M21D8M3D15M4I58M19D7M4D23M3I29M1D17M6D23M
Q06335.pdb	Q28053.pdb	26	0.413	1.393E+00	604	659	707	0	57	59	9M2D47M
Q06335.pdb	Q28748.pdb	22	0.421	2.062E+00	605	659	707	0	56	58	8M2D47M
Q06335.pdb	Q28280.pdb	21	0.298	1.843E+00	614	658	707	0	56	58	22M12D23M
Q06335.pdb	Q28757.pdb	17	0.378	3.052E+00	588	659	707	0	56	58	17M2D12M17I26M
P15943.pdb	P15943.pdb	5166	1.00	0.000E+00	0	764	765	0	764	765	765M
P15943.pdb	Q06481.pdb	3464	0.926	0.000E+00	0	764	765	0	762	763	218M2D37M4I506M
P15943.pdb	Q06335.pdb	1940	0.891	2.247E-88	27	764	765	27	706	707	196M2D29M4I53M56I400M
P15943.pdb	Q60495.pdb	1635	0.476	6.059E-71	11	764	765	1	769	770	21M8I84M2D98M9D23M3I15M11I91M14D8M6D213M6D179M
P15943.pdb	P08592.pdb	1616	0.483	1.809E-72	11	764	765	1	769	770	21M8I83M2D97M2D28M1I20M6I90M14D8M6D212M9D16M9D25M3D32M15I92M
P15943.pdb	Q95241.pdb	1614	0.494	1.265E-71	11	764	765	1	750	751	22M5I4M3I78M2D98M2D11M1I36M6I94M1D216M9D16M9D19M4D25M1I12M15I92M
P15943.pdb	P79307.pdb	1608	0.483	4.151E-71	16	764	765	0	769	770	19M2I87M2D80M11D69M16I76M19D9M1D211M19D3M1D7M1D9M2D10M1I30M1I12M15I92M
P15943.pdb	P05067.pdb	1544	0.484	4.382E-71	11	764	765	1	769	770	22M5I4M3I79M2D101M2D7M1I36M6I90M14D8M6D213M5D8M2I51M1D24M2D94M
P15943.pdb	Q5IS80.pdb	1534	0.479	2.057E-71	11	764	765	1	769	770	21M8I84M2D99M2D9M9D38M16I79M14D8M6D212M6D25M3I34M1D24M2D94M
P15943.pdb	P12023.pdb	1526	0.483	3.345E-71	11	764	765	1	769	770	22M5I4M3I79M2D98M9D23M3I15M11I91M14D8M6D212M9D16M9D25M3D32M15I92M
P15943.pdb	P53601.pdb	1499	0.482	9.334E-71	23	764	765	0	769	770	8M1I9M6D83M2D101M2D7M9D34M9I5M7I78M14D8M6D214M6D23M3I34M1D24M2D94M
P15943.pdb	O93279.pdb	1486	0.464	5.977E-69	9	764	765	1	736	737	24M9I82M2D80M1D60M9I24M1D72M1D195M11I23M5I82M9D80M
P15943.pdb	O73683.pdb	1460	0.477	3.827E-67	26	764	765	0	779	780	18M9D80M2D112M2D24M3D10M3D22M22D44M1D28M1I8M2D190M1I19M3I94M2D85M
P15943.pdb	P51693.pdb	1091	0.352	2.999E-47	3	760	765	0	646	650	10M2I13M8D13M1D75M1I4M4D87M7D8M21I10M14I9M2D13M2I15M16I4M45I206M5I24M10I6M6I22M8D4M18I19M2I34M1D40M
P15943.pdb	Q03157.pdb	1074	0.353	3.274E-48	3	760	765	1	649	653	42M5D71M3D102M14I15M10I43M16I4M45I206M3D4M10I12M11I11M3I22M8D6M13I10M5I7M2I35M1D39M
P15943.pdb	Q10651.pdb	811	0.223	7.871E-34	10	761	765	1	683	686	22M6I10M1D16M1I59M1D54M6D45M59I21M62I7M6I38M5D12M2D55M2D77M3I20M17D40M12D64M28D44M6I25M
P15943.pdb	Q06BR2.pdb	789	0.239	3.548E-36	18	764	765	0	611	612	46M2I57M3D68M1D18M83I9M64I8M4D11M5D33M4D11M3D153M7D16M15I29M3D53M2I25M1D44M
P15943.pdb	P14599.pdb	629	0.218	5.040E-32	34	760	765	15	883	887	4M3D18M2D2M2D6M1I8M3D44M5D17M1I69M3D3M9D50M14D43M12I12M30D7M5I18M11I9M2I52M7D92M4D37M40D8M5D9M21D8M3D15M4I58M19D7M4D13M3I39M8D19M1I20M
P15943.pdb	Q29149.pdb	21	0.695	4.511E+00	694	716	765	33	55	57	23M
P15943.pdb	Q28280.pdb	20	0.392	2.362E+00	669	716	765	1	56	58	18M8D30M
P15943.pdb	Q28748.pdb	18	0.421	2.931E+00	663	717	765	0	56	58	8M2D47M
P15943.pdb	Q28053.pdb	17	0.413	3.265E+00	662	717	765	0	57	59	9M2D47M
P15943.pdb	Q28757.pdb	14	0.385	4.511E+00	661	717	765	0	56	58	57M
Q60495.pdb	Q60495.pdb	5276	1.00	0.000E+00	0	769	770	0	769	770	770M
Q60495.pdb	Q5IS80.pdb	3180	0.970	0.000E+00	0	769	770	0	769	770	770M
Q60495.pdb	P53601.pdb	3100	0.968	0.000E+00	0	769	770	0	769	770	770M
Q60495.pdb	P05067.pdb	2831	0.968	0.000E+00	0	769	770	0	769	770	770M
Q60495.pdb	P79307.pdb	2788	0.974	0.000E+00	0	769	770	0	769	770	770M
Q60495.pdb	P08592.pdb	2715	0.968	0.000E+00	0	769	770	0	769	770	770M
Q60495.pdb	P12023.pdb	2638	0.963	0.000E+00	0	769	770	0	769	770	770M
Q60495.pdb	Q95241.pdb	2537	0.950	0.000E+00	0	769	770	0	750	751	345M19I406M
Q60495.pdb	O73683.pdb	2004	0.680	1.143E-89	13	769	770	14	779	780	181M1I27M14D13M3D6M16D32M3D42M1D30M19I198M1I45M2I19M2I23M3I113M
Q60495.pdb	O93279.pdb	1813	0.652	3.299E-88	3	769	770	4	736	737	185M1I79M1I76M19I200M11I7M11D23M1I10M2I5M7I24M3I113M
Q60495.pdb	Q06481.pdb	1658	0.484	4.213E-73	0	769	770	10	762	763	29M8D77M2I82M11D21M2D48M10I76M14I7M6I213M6I179M
Q60495.pdb	P15943.pdb	1653	0.481	3.065E-72	0	769	770	10	764	765	22M8D84M2I83M2D15M4I8M1D36M6D90M14I8M6I213M6I179M
Q60495.pdb	Q06335.pdb	1281	0.452	3.982E-60	23	769	770	41	706	707	83M2I80M2D32M6I17M1D20M23I4M1I12M49I20M3D212M3D15M6I15M2D28M3I23M2I94M
Q60495.pdb	Q03157.pdb	978	0.320	6.451E-48	0	765	770	20	649	653	29M1D73M1D86M9D18M4I21M45I8M7I11M50I17M3I197M15I6M1D9M8I5M5I3M2I29M2I1M8D29M16I28M1D39M
Q60495.pdb	P51693.pdb	944	0.312	3.231E-46	2	765	770	3	646	650	14M18D12M1D2M2D72M1D92M6D14M2I18M44I10M9I8M53I18M2I197M17I7M12I37M2I10M8D29M16I27M1D40M
Q60495.pdb	Q06BR2.pdb	800	0.242	1.974E-37	0	769	770	0	611	612	46M2I60M1D67M1D17M24I6M47I8M14I10M9I4M23I10M36I33M4D11M3D153M12I24M10I26M11D9M2I10M5D24M5I24M1D44M
Q60495.pdb	Q10651.pdb	703	0.244	3.923E-35	0	766	770	6	683	686	17M2I29M1I57M1I55M6D28M1D15M37I18M18I4M72I7M16I40M4D12M3D51M2D79M3I14M5D10M3D16M8D21M17D60M13D7M6D37M6I6M1I27M
Q60495.pdb	P14599.pdb	629	0.233	2.854E-34	20	765	770	22	883	887	18M2D2M2D8M1I11M3D44M3D14M1I71M34D21M1D37M7D10M4D26M7I20M3I12M4I4M18I20M3I55M7D89M4D37M40D6M25D21M7I40M2D32M19D48M1D33M6D23M
Q60495.pdb	Q28748.pdb	116	1.00	4.170E-04	666	722	770	0	56	58	57M
Q60495.pdb	Q28757.pdb	114	1.00	5.198E-04	666	722	770	0	56	58	57M
Q60495.pdb	Q28280.pdb	113	1.00	4.170E-04	665	721	770	0	56	58	57M
Q60495.pdb	Q28053.pdb	104	1.00	1.064E-03	665	722	770	0	57	59	58M
P79307.pdb	P79307.pdb	5200	1.00	0.000E+00	0	769	770	0	769	770	770M
P79307.pdb	Q60495.pdb	2781	0.974	0.000E+00	0	769	770	0	769	770	770M
P79307.pdb	Q5IS80.pdb	2778	0.979	0.000E+00	0	769	770	0	769	770	770M
P79307.pdb	P53601.pdb	2570	0.976	0.000E+00	0	769	770	0	769	770	770M
P79307.pdb	P12023.pdb	2522	0.972	0.000E+00	0	769	770	0	769	770	770M
P79307.pdb	P08592.pdb	2481	0.980	0.000E+00	0	769	770	0	769	770	770M
P79307.pdb	P05067.pdb	2466	0.977	0.000E+00	0	769	770	0	769	770	770M
P79307.pdb	Q95241.pdb	2447	0.951	0.000E+00	0	769	770	0	750	751	349M19I402M
P79307.pdb	O73683.pdb	2168	0.680	8.206E-88	11	769	770	12	779	780	177M1I30M14D16M3D6M16D32M3D42M1D30M19I198M1I45M2I19M2I23M3I113M
P79307.pdb	O93279.pdb	1899	0.659	2.137E-86	0	769	770	0	736	737	8M1D180M1I77M1I78M19I200M11I9M11D21M1I11M9I28M3I113M
P79307.pdb	Q06481.pdb	1618	0.486	2.798E-71	0	769	770	10	762	763	29M8D77M2I81M3I15M4I30M4D21M6D82M19I9M1I211M6I180M
P79307.pdb	P15943.pdb	1603	0.483	1.221E-71	0	769	770	14	764	765	20M4D86M2I99M2I9M1D33M17D14M11I68M19I9M1I211M3D15M6I15M2D28M3I23M2I94M
P79307.pdb	Q06335.pdb	1300	0.457	2.149E-58	23	769	770	41	706	707	83M2I84M2D48M5I26M16I13M52I8M1I10M1I212M3D15M6I15M2D28M3I23M2I94M
P79307.pdb	Q03157.pdb	1032	0.320	2.522E-46	0	765	770	14	649	653	9M1D8M6D85M1D87M1I25M41I30M5I11M52I18M1I196M22I5M5I19M2I29M9D23M19I34M1D39M
P79307.pdb	P51693.pdb	992	0.323	6.942E-45	0	765	770	12	646	650	10M10D92M1D93M2I16M44I16M7I6M9I7M30I3M17I20M5D197M22I9M7I35M2I10M8D23M16I33M1D40M
P79307.pdb	Q10651.pdb	871	0.244	2.557E-36	0	766	770	5	683	686	12M1I35M1I57M1I55M6D26M4I8M25I11M7I18M90I10M16I40M4D12M3D51M2D79M3I14M6I21M22D19M14D65M8D7M13D33M5I7M1I27M
P79307.pdb	Q06BR2.pdb	777	0.241	3.838E-38	0	769	770	0	611	612	46M2I60M1D67M1D15M8I9M48I7M29I10M9I4M23I10M23I4M13I29M4D11M3D153M12I18M1I6M9I26M1I2M7D21M5D23M2I25M1D44M
P79307.pdb	P14599.pdb	580	0.223	2.748E-32	12	765	770	14	883	887	26M2D2M2D8M1I11M3D44M3D14M1I75M2D4M47D7M2D65M19I21M6I17M19I23M4D55M7D89M4D37M40D6M25D25M7I36M2D32M19D70M1D11M6D23M
P79307.pdb	Q28280.pdb	124	1.00	1.776E-04	665	721	770	0	56	58	57M
P79307.pdb	Q28748.pdb	122	1.00	3.446E-04	666	722	770	0	56	58	57M
P79307.pdb	Q28757.pdb	121	1.00	3.849E-04	666	722	770	0	56	58	57M
P14599.pdb	P14599.pdb	5494	1.00	0.000E+00	0	886	887	0	886	887	887M
P14599.pdb	P08592.pdb	672	0.225	3.125E-35	27	883	887	25	765	770	13M2I2M2I8M1D6M3I49M3I14M1D76M15I7M34I5M3I41M1D30M12D8M17D5M29D11M22I10M4D55M7I91M4I43M4I5M18I7M39I5M8I3M5D20M9D14M5I30M19I15M1I7M1D25M1I33M6I23M
P14599.pdb	Q10651.pdb	656	0.229	5.562E-33	21	886	887	20	685	686	10M3D10M4I15M2I5M1I44M4I15M1D39M3D2M3D28M6I8M7I26M15I5M125I118M2D37M4I42M24I1M1I16M42I8M16D21M33D10M5D39M14I10M3I43M2I13M5I6M7I29M
P14599.pdb	Q06481.pdb	652	0.221	8.148E-33	22	883	887	38	758	763	18M2I2M2I8M1D6M3I47M3I4M2I10M1D70M9I3M3I37M5I21M11I11M1I13M40I8M12D11M16D3M7I4M19D5M1I4M2D42M4I10M3I92M4I53M18I4M51I15M4I18M2D42M15I43M1I28M1D12M6I23M
P14599.pdb	Q06335.pdb	646	0.218	2.891E-33	0	883	887	7	702	707	11M9D29M2I2M2I8M1D6M3I49M5I12M1D76M29I22M7I9M14I8M20I29M7D9M1I13M22I8M2D42M4I8M3I94M4I55M10I6M59I5M4D69M19I7M4I23M3D29M1I17M6I23M
P14599.pdb	P12023.pdb	639	0.223	2.769E-34	21	883	887	19	765	770	19M2I2M2I8M1D6M3I49M3I14M1D76M15I7M22I9M3I6M3I22M8I40M12D8M17D5M29D13M21I12M2D6M1D46M7I91M4I43M4I6M6I18M54I26M4D44M19I15M1I7M1D25M1I33M6I23M
P14599.pdb	O93279.pdb	638	0.223	5.628E-34	23	883	887	22	732	737	17M2I2M2I6M1D8M3I49M3I14M1D73M6I4M5I14M4I8M31I16M4I15M6I10M9I4M17I17M9D11M20D5M18D8M3D55M7I91M4I47M1I12M69I72M20I6M2I61M1I11M6I23M
P14599.pdb	Q06BR2.pdb	637	0.222	5.498E-32	21	885	887	19	609	612	20M4I10M1I5M3I48M2I15M1D56M1D13M4I12M122I6M46I12M11D4M3I140M4I42M29I20M43I9M26I8M1I19M2D15M4I19M1D6M14D9M1I5M5I43M6I25M
P14599.pdb	Q95241.pdb	628	0.216	2.201E-33	28	883	887	26	746	751	12M2I2M2I8M1D6M3I49M3I14M1D71M2I11M19I12M18I6M12I45M36I16M11D7M4I5M19D3M31D55M7I91M4I53M10I12M54I28M4D44M19I48M1I33M6I23M
P14599.pdb	P05067.pdb	626	0.220	1.996E-34	21	883	887	19	765	770	19M2I2M2I8M1D6M3I49M3I14M1D70M8I5M7I8M5I4M18I3M3D16M16I51M12D8M17D5M29D13M21I12M2D6M1D46M7I89M4I45M4I5M18I7M39I5M8I2M11D36M2I32M19I48M1I33M6I23M
P14599.pdb	Q60495.pdb	611	0.226	5.329E-34	21	883	887	19	765	770	19M2I2M2I8M1D11M3I44M3I14M1D76M15I7M22I14M2D10M11I11M5I26M1I14M13D7M17D7M29D9M1D2M22I8M3D55M7I91M4I43M4I5M61I13M7D41M2I32M19I48M1I33M6I23M
P14599.pdb	P53601.pdb	610	0.223	5.329E-34	21	883	887	19	765	770	19M2I2M2I8M1D11M3I44M3I14M1D69M3D22M17I5M17I11M20I50M12D8M17D9M29D7M1D2M22I8M3D55M7I91M4I43M4I5M18I4M43I10M7D40M2I32M19I70M1I11M6I23M
P14599.pdb	Q5IS80.pdb	609	0.228	5.046E-34	21	883	887	19	765	770	19M2I2M2I8M1D11M3I44M3I14M1D70M8I5M7I8M5I13M8I20M23I44M12D8M17D8M29D8M1D2M22I8M3D55M7I91M4I43M4I5M61I16M7D38M2I32M19I70M1I11M6I23M
P14599.pdb	P15943.pdb	607	0.216	1.014E-32	16	883	887	35	760	765	3M3I18M2I2M2I6M1D8M3I44M5I17M1D69M2D40M2I22M2I3M24I8M1I13M40I8M12D11M16D3M7I5M18D9M2D42M4I10M3I92M4I45M25I9M41I8M3I3M4D70M19I7M4I23M3D29M8I19M1D20M
P14599.pdb	O73683.pdb	595	0.221	1.275E-33	13	883	887	5	775	780	16M7D11M2I2M2I8M1D6M3I49M3I14M1D75M11I16M4I7M20I50M3I27M12I22M11D7M24D3M18D3M1I6M4D55M7I91M4I44M70I16M11D22M9I6M1D33M18I10M1I10M1I50M1I11M6I23M
P14599.pdb	P79307.pdb	594	0.216	4.010E-33	14	883	887	12	765	770	26M2I2M2I8M1D11M3I44M3I14M1D75M2I9M45I12M4I50M1I13M13D8M17D9M29D9M21I10M3D54M7I91M4I43M4I5M61I16M7D38M2I32M19I70M1I11M6I23M
P14599.pdb	Q03157.pdb	591	0.212	2.398E-31	21	886	887	40	652	653	20M4I7M1D8M3I43M1I4M1I17M1D71M1I25M30I14M19I22M35I18M28I4M2D55M7I89M4I35M4I20M58I4M10I19M16I21M8I5M6I8M6I10M8I17M2I48M6I25M
P14599.pdb	P51693.pdb	572	0.207	1.804E-30	7	886	887	27	649	650	34M4I7M1D8M3I43M1I4M1I17M1D83M3D15M33I7M20I10M56I21M11I11M2D6M3D2M3I44M7I89M4I35M4I20M69I15M26I14M4I17M1D10M6I10M9I13M1I52M6I25M
